{"cameraMode":{"drawMode":0,"name":"Shaded","section":"Shading Mode"},"sceneLighting":true,"audioPlay":false,"sceneViewState":{"m_AlwaysRefresh":false,"showFog":true,"showSkybox":true,"showFlares":true,"showImageEffects":true,"showParticleSystems":true,"showVisualEffectGraphs":true,"m_FxEnabled":true},"in2DMode":false,"pivot":{"x":-0.10219214111566544,"y":3.43387770652771,"z":8.45823860168457},"rotation":{"x":-0.14110884070396424,"y":0.12939675152301789,"z":-0.01859545335173607,"w":-0.9813482165336609},"size":0.06698393821716309,"orthographic":false}